name;link;price;price_max;currency;sales;goods_remained
Плетеная леска 500 м 1000 м 1500 м 300 м 8 X многоцветная многослойная леска PE;https://www.ebay.com/itm/225930814299?itmmeta=01HYP1NFAN3KACDKHE7A505567&hash=item349a86a35b:g:tsYAAOSweYxkG~mn&amdata=enc%3AAQAJAAAA0AkSadrYXtq%2BRXFEppdkOeNNN5pe4nlPZc83qyuUkFsc%2FP5P%2BFbuoJ3oiwi11fE8avx8VgwDOvXyW9YJSPE0zSh1LVoAf8FNqweyxvAYqvIQdb85fO0gAftgCzYWYRgfYX%2FTmOOz%2F8TWCwkVsbAiLyY2wIDTY18MwVgeV50leltjoy4AOkHmsiBVOcDQpur1ALLiPZpwBClXHqunU09YHKvRK1zLOpkMEPIVkfq4DBUCuiRSUa9NvdXaRRB46P%2FUX50VzcrNR7EWsx1uxm6B07s%3D%7Ctkp%3ABFBMuvXVwfVj&var=525021430117;1155.33;5088.19;руб;None;None
50 ~ 200Pc рыболовная бочка шарнирное соединение 9 ~ 770 фунтов из нержавеющей стали прокатки твердое кольцо шарнирное соединение;https://www.ebay.com/itm/165879423991?itmmeta=01HYP1NFAN4SZN8FHEXGB3WCET&hash=item269f2f23f7:g:dKsAAOSwQlxl-7BB&amdata=enc%3AAQAJAAAA0NVtfEPcvv%2B7Axj0UzDbQF5dVPEFjdNRBoUErr8W2mmX%2B4Pd5yoIi3ZcwsKS8K3NNYxJrOA%2BHT0DyZkgOqsdk4JY%2FVBExAh7DcH7Ijqlhy66H32S119yj9JCE4YuHyecG9InlDTaiGrjHV1ZfL%2F7jQBjWQiUF%2BBOl67cJ9MGT8Z9sO5WwtC%2Fkn%2FxgNlEg1QI3lOK2zBFHmFBzIsJXH88CIlTvCXj%2FXzS7UFWtit50%2FhwnYSjsieqYzUh7ehsPcpkua0ikNXpQQOAhjQAmU76Hlw%3D%7Ctkp%3ABFBMuvXVwfVj&var=466241459920;487.45;25361.0;руб;None;None
Водонепроницаемые дышащие кулиски для ловли рыбы нахлыстом с веревкой;https://www.ebay.com/itm/383824404313?itmmeta=01HYP1NFANFBS3YKN74QQMTTP4&hash=item595db79f59:g:gIIAAOSwV~lfu1h0&amdata=enc%3AAQAJAAAA0KfpPjCjlDAoZFZqgML%2F3NPP9KLOpJc27Q%2BVZI7e08NIEzXLIc1d2EmG1hIjowKbGGRWrNZsKo3vQKAzr1L8GZWpLudDM6yZio8xJHnXujapwDzfWNYUj406SOmfoSZhpUSJOAs%2FbGWH07tX6z1DWvFmWEkfozc6XvBjAWxJObNqMviPU%2BhVIFHxsxYHM6l1KMAzJi0cs54at2jl%2B3cPNDaXsTxjEjdfSH6SPBE1MoG5DW3v6ggCiPjeQSoJlht9SIVSrNLU%2F5puedP7bJS2zHs%3D%7Ctkp%3ABFBMuvXVwfVj&var=652181929290;7346.03;7528.17;руб;133;None
Кожаная шапка oztrala австралийских аборигенов ковбойские мужские австралийский бушмен HL31;https://www.ebay.com/itm/303185972490?itmmeta=01HYP1NFANQ8FN75SZYQAXJSC1&hash=item46974acd0a:g:c1cAAOSwBdNjhZO2&amdata=enc%3AAQAJAAAA0PGycLSgsSgkgv5XIOwF87T6NyBhaHNBA3if2xPSh3VrbNiUO%2F2cPeiofS2ahX0mheV94V4LVaHVmdp893QQXacFCNsGvD%2BJxaNaUPY9I0ZqFe7r7calSgnZO95mcW2rgCkEop0lGJOWgyX5aXnYsy86VeflSbZhh1SPIhOSFdrHzaDshw6dMupmykoLyDOqYEDvmMQmUmGJCPnZDS9VkiPcZacWiiAzpGcjq06L6giPWVCKqSSaroYnkvuH7ebZFHnkWDX2eZ6P81jD4E0zbeA%3D%7Ctkp%3ABFBMuvXVwfVj&var=603749399118;2668.25;3578.91;руб;None;None
Фторуглеродная леска FTK Fluorocarbon Leader 100 м 4,13–34,32 фунта с прозрачным наконечником;https://www.ebay.com/itm/355663595150?itmmeta=01HYP1NFAN1YK94GGHJ0BNGHFQ&hash=item52cf33c68e:g:vEAAAOSwdSZmKTr-&var=624766580263;495.0;751.23;руб;None;None
8 прядей оплетка рыболовная леска 100M-2000M превосходный Dynema PE леска 10-100 фунтов Agepoch;https://www.ebay.com/itm/383902360232?itmmeta=01HYP1NFAN6GDBZ4108NYBYDK8&hash=item59625d22a8:g:KS0AAOSw6AlZzke5&var=652238540379;581.18;5648.78;руб;None;None
Стандарт 50Pcs плавать джиг танцор лезвия, shakee обтекатель лезвия, маг джиг танцор лезвие;https://www.ebay.com/itm/165700498289?itmmeta=01HYP1NFANSM37E4JWZWEVP41T&hash=item269484f371:g:XdUAAOSwoZFiT-sd&var=465213296949;732.09;1465.09;руб;133;None
Maxcatch золото рыболовная леска с передним весом WF2F-9F 90-100 футов с 2 сварной петли;https://www.ebay.com/itm/173072549494?itmmeta=01HYP1NFANC5KNYNNZG895VFDQ&hash=item284bed8676:g:2Z4AAOSwIftgIftF&var=474176073964;1863.51;None;руб;283;None
Ловушка для рыболовной клетки из нержавеющей стали с автоматическим открытием и закрытием проволоки для крабов SG5;https://www.ebay.com/itm/395420668529?itmmeta=01HYP1NFANEZ1M5MDBEF6AZYJS&hash=item5c10e89271:g:JB8AAOSw~gpmSohq;874.69;None;руб;None;None
100/300/500/1000M Geflochtene Schnur Dyneema Geflochtene Angelschnur;https://www.ebay.com/itm/304682662254?itmmeta=01HYP1NFANNJF22P4PS7CEZNC1&hash=item46f080796e:g:YjEAAOSwuVBj~CdR&var=603716188154;610.07;3992.73;руб;None;None
13cm Roboter Leben Elektrisch Angeln Köder Fischköder Gelenkköder USB Wobbler;https://www.ebay.com/itm/394678739739?itmmeta=01HYP1NFANTDWGNTAVR5SVYJMN&hash=item5be4afa31b:g:vHAAAOSwQDZkiVUp&var=663245749083;1659.59;1695.3;руб;59;None
3PCS-barded, безопасность травли иглы, boilie, карп рыбалка, волос-буровой инструмент boilie;https://www.ebay.com/itm/133789620586?itmmeta=01HYP1NFANWRG5M2M5ZCNCDV0J&hash=item1f267b996a:g:8QkAAOSwjSdgyGMV;348.24;None;руб;329;None
9 футов (примерно 2.74 м) безузловый конические лидеры для нахлыстовой рыбалки различных размеров-новый в упаковке;https://www.ebay.com/itm/383565805575?itmmeta=01HYP1NFANJPBW894BRY0BGTZ5&hash=item594e4db807:g:cGUAAOSwAKBgDFI5&var=651939492435;157.23;640.58;руб;394;None
12 нитей плетеная леска PE многослойная многоцветная суперпрочная леска;https://www.ebay.com/itm/225492039997?itmmeta=01HYP1NFANSBT4YPJEX22A8WYD&hash=item34805f793d:g:gMYAAOSwwKJkHAa2&amdata=enc%3AAQAJAAAA0LeeFGcGRIUQEaYG%2F%2BDy2uvEDZqlB7dBcnNUHqQTOf187jiyjEF%2FCG1Y7AFoZJbbive2H3GDuCUvPkVY1uVUS1IKHBjDquVo0qqZ8tLvCvpSX5IteeceTx1WNvXrH6h4XhFw7DQOovpHNXMl7xff4n63JgXMgxI%2FOjJ91oO0aVuh5KbllHNpt30om1jC%2FUN9cmxl4kU2qBT32uDiJMfSeIOc9pJg0%2FsTWjBd31K88HvBM7FfZ8kofKMeYLParR4nEJdS1S0xt%2FC94fMWO6NF3gI%3D%7Ctkp%3ABFBMvPXVwfVj&var=524503972755;1395.14;6297.55;руб;None;None
12 пряди плетеная леска 500 м 1000 м 1500 м 300 м супер сильный Япония Pe провод;https://www.ebay.com/itm/234732756078?itmmeta=01HYP1NFANHMY1BD7HQVWPBJ1B&hash=item36a7299c6e:g:mZcAAOSwJjZjR7wT&amdata=enc%3AAQAJAAAA0A97WanBZ7kjGin%2FmPtyDzC1qZbmoTRtaw8HYerX9sXljNvX2NVc17LUGgLjdryOIEbY7UHP9wvKmwEX6SpxRF6kIHa7FUSrQJzb8N3GCFMvz7WlXMleedgAMdQ0vnPIuxh8RecbdalVom%2FYeNPy%2Fz49Lcddpule9p7FG0lj8Gzbv9Q88L60YBnIw7%2FeSW5bMwl9wka%2FWS6n5IoDqxnIqVV4cuQaz7wVF2MuwGdxBR2Xb%2F3aIMOnrOZu0zMNY8sHzunZ6KqxjwLsjIgtLc2rPGA%3D%7Ctkp%3ABFBMvPXVwfVj&var=534487120209;1506.85;6462.69;руб;None;None
ПВА быстро расплавить сетки 25 или 37 мм пополнить x 10 м длиной - карп король для лучшей стоимости;https://www.ebay.com/itm/385467377212?itmmeta=01HYP1NFAN85BN2EZ5GTEGJXGC&hash=item59bfa5663c:g:7vUAAOSwXfNkCN9E&amdata=enc%3AAQAJAAAA0PgpmFtjDlHn8Pshaxnftu4kJeg9ZcN6TXp6mYEWiRJTfaGYgnW%2BnLmZDZSK4OmVrHbJrWDYpFgKvqib9fSsWu0sWs%2BYhN0%2BwE7AEbIrR5%2FIA4uanMB%2BUCphSz%2BaYhYvMDIuIBnAmVKOrigDXgV0ZA1DzkQaf%2BUXm2Qw89ldQtlYkZoM23ocASb4C7byxDlBphOkazcYn51IEVJoZ9UjGJ2KueRwHHCHFbolHhZHWuyjyLNb%2FFEJvWj6RdIGznAOwI7GRAOdNrOqAN1ntXvUF78%3D%7Ctkp%3ABFBMvPXVwfVj&var=653876246356;489.17;3668.79;руб;None;None
Прочного плетеного линии 100/300/500/1000M зеленый Dyneema Spectra Sea леска;https://www.ebay.com/itm/393415852035?itmmeta=01HYP1NFANE0G04573DVFXPQ4H&hash=item5b99698003:g:r20AAOSwtYdj~b~W&var=662249403884;510.14;3643.17;руб;None;None
Силиконовый полюс поплавок резина, 1 метр длины, 4 размеров, от Nick Gilbert поплавок;https://www.ebay.com/itm/192412613070?itmmeta=01HYP1NFAPV8T9BQ5VJB01CVR2&hash=item2cccaf79ce:g:wg4AAMXQltxQ7Rc3&var=492402004100;174.7;None;руб;1254;None
Hercules 6lb-300lb плетеная леска серый экстрим 100M-2000M 100% Pe супер;https://www.ebay.com/itm/224822855626?itmmeta=01HYP1NFAPDJS6PCA5R60QJTX7&hash=item34587c87ca:g:-DYAAOSwjYlkNRKN&var=523686519929;814.12;15256.36;руб;None;None
6Pcs #12 реалистичный нимфа Scud мухи для форели рыбалки 2024 насекомых приманки новый;https://www.ebay.com/itm/386516969202?itmmeta=01HYP1NFAP9V40JC4XFDWKM3K7&hash=item59fe34e6f2:g:13QAAOSwET9jGWMk;208.91;None;руб;212;None
20 упаковка 50 пряди стандартный силиконовый юбки рыбалка аксессуаров самодельный spinnerbatis;https://www.ebay.com/itm/165830816055?itmmeta=01HYP1NFAPSB9XG2CHDJA099P6&hash=item269c497137:g:cGQAAOSwVcFh6NVb&var=465333877543;823.71;None;руб;57;None
1шт Cicada бас насекомых рыболовные приманки 4 см рукоятки приманка плавающие снасти продажи;https://www.ebay.com/itm/204389691960?itmmeta=01HYP1NFAP7TVQ0J8J9441VDT5&hash=item2f96933238:g:XdAAAOSwg6VkqDDO;156.68;None;руб;157;None
3 X 25 г морской рыбалки серебро Minnow Lures макрель блесны;https://www.ebay.com/itm/224539023212?itmmeta=01HYP1NFAPBGRFZRT3AX416QYD&hash=item344791976c:g:wzEAAOSwsBVh8Gh0;985.33;None;руб;297;None
КРЮЧКИ ДЛЯ МУХ БЕЗ БОРОДКИ ЧЕРНЫЕ НИКЕЛЕВЫЕ СУХИЕ - ВЫБОР КРЮЧКА И РАЗМЕРА УПАКОВКИ - ЗАВЯЗЫВАНИЕ МУХ;https://www.ebay.com/itm/166221308305?itmmeta=01HYP1NFAPQF50M5Q009JC59KJ&hash=item26b38fe191:g:NysAAOSw87tkrIsH&var=465793246247;215.47;757.05;руб;23;None
Светящиеся палочки с наконечником рыболовной удочки подключаемые ночная флуоресцентная сигнализация о укусе Z9Y2;https://www.ebay.com/itm/305420526987?itmmeta=01HYP1NFAPAGGXKX6A6P1RQJYW&hash=item471c7b658b:g:7GUAAOSwkwNk9E5M&var=604344984939;97.12;142.94;руб;None;None
Флуоресцентный зеленый уплотнительных колец для сигнализаторы поклевки. Buzz Bars .12 в упаковке. карп рыбалка;https://www.ebay.com/itm/274526910215?itmmeta=01HYP1NFAPQFT56V4758YF9JXD&hash=item3feb143707:g:1HEAAOSwbThf1YSF;348.24;None;руб;312;None
NG полый полюс эластичный, новый одноядерный, длина до 10 м, от NG плавает;https://www.ebay.com/itm/204665175256?itmmeta=01HYP1NFAP3DXZ7W2PBS0V0TP1&hash=item2fa6febcd8:g:jpoAAOSwuENd8WRP&var=505286622403;232.94;1164.7;руб;None;None
Traun River MICRO SNAP  Größe S, M und L extreme Stabilität Fliegenverbinder;https://www.ebay.com/itm/325146339406?itmmeta=01HYP1NFAP93SAKK85FNAASMB6&hash=item4bb43b684e:g:eN4AAOSwB8xfmH4c&var=514057369258;486.07;None;руб;127;None
ПВА сетки шириной 38 мм трубка и заправки сделать чулок гранулы варить приманка карп смесь мешки;https://www.ebay.com/itm/281346248027?itmmeta=01HYP1NFAP727E7YP0V2MPXK62&hash=item41818b0d5b:g:PqsAAMXQ1ZhTgc4X&amdata=enc%3AAQAJAAAA0DzPqF1vEPfNQxihkqii2heaNLLLq7YfngHOTYZR6cBS0Fts3XToIMFpqjZ3fhKzAP0MQ1L9GXQE1mzcSdPIWunIyET60Umb6InGp9%2FAL5ItEAIiP%2BIry3AVWZU4DyJa0zDDViZ8sI6lZWKNsO8kKKkEkbeZPuTPGnZsMfnwdD08NQ4rc9sGKDX%2B%2B%2FiMSrYX%2FYxhSC7xXrJd2h6mntl08Sjk3sx9TuzcQBQZ4Hg4CkHF9ONDU7pfJQVNeQHfv7LoKWlyr4H89%2BuKPCsRRhHuZ8A%3D%7Ctkp%3ABFBMvvXVwfVj&var=580378873913;697.65;15374.0;руб;797;None
Рыбалка вертлюги шариковый подшипник карабин поводка застежка из нержавеющей стали для троллинга разъем;https://www.ebay.com/itm/133916093818?itmmeta=01HYP1NFAPTJRYVY84W4PPGJMJ&hash=item1f2e056d7a:g:9PMAAOSw2DdioW5O&amdata=enc%3AAQAJAAAA0MV1wZSDgpiIKKoJDcG4fcVfIMccwmF9bSkeHn0bHk4DGcf3Tak54W2Bt0mqnWZsJsL0aCkNA%2BBu2t8EZdTKl5jWY1Ee7k2qjilNb%2F5oq8rTq0U%2ByzNBFsk53Tl3HypPQEHN2STqSsKCRvAmxyPTUaq6HOkG9XlHhnrx%2BGnjEtX0qVazGdUj%2BFPVno5A6NFmx07YjMCmu1JHxnkFW39oHk2H8okd%2FLq0ZncsaIGpj6g%2FuI5yyutw8vA2tqNYQ2PfRq6Q06PKXBXh8fY95cuWwfQ%3D%7Ctkp%3ABFBMvvXVwfVj&var=433366752432;547.61;8996.77;руб;None;None
ПВА БЫСТРО РАСПЛАВЛЕННАЯ СЕТКА 20 М ОПТОВЫЕ ЗАПРАВКИ (25 мм/37 мм) -ЛУЧШАЯ ЦЕНА ОТ CARP KING;https://www.ebay.com/itm/383978965420?itmmeta=01HYP1NFAPM4ZV3883NE5RM7DH&hash=item5966ee09ac:g:Z6oAAOSwVhVj3O0L&amdata=enc%3AAQAJAAAA0PQlwjB062%2FccCmxcB230zCFDXE3fR6geBjvgg1AeRHJt2EY7MrMyMd0eGojohF6nGX736waQpdz%2F2AsGEt2UJ9a9x9ARqUxg7qaqkS9Tht3QYSpZeCSmwddB1rRcTQxRFGspp1CWl6aZi27ix1X5FaAotu%2BzD82u3BfvbraRb2354%2BTzk1xRdozWGwGFo2tYzwrTEpKdTjZWtDfEx1iP9beNhn64NS%2FJLOsi6B7l3uGCSz7tf7a9lG6L1KciitFw15MUc2lx8aPOBX5WRtnnmg%3D%7Ctkp%3ABFBMvvXVwfVj&var=652299584865;826.93;13801.66;руб;265;None
Черный шарикоподшипник поворотный с защелкой 25 ~ 100 шт. из нержавеющей стали разделенное кольцо приманка соединитель;https://www.ebay.com/itm/166545882987?itmmeta=01HYP1NFAPW3JEQ6B3KFM7QHQP&hash=item26c6e87f6b:g:ljkAAOSwEyNln8Uw&amdata=enc%3AAQAJAAAA0Ocds5qCbPaLJAvruhfv01a%2FEW2tLYGByEEq7laOBQNurPp%2FV22YTKebz%2BaL8z1KAcnH87A7h%2BLEUZqd5xFxBAnu2zzrFj6sjEabXZuA5%2BCwVtDbg5aHtF8kbbPTnDlFxUX7rdJc6JURuBcJnvO2iyPX%2BbfumuxFu%2F2V1r%2BZttLWr2Cw5l5lyppLpxTr0oW8EFef2QJpnG76%2FZQCtiF4XCbrUDywdUGqNnpp9VbNvKVF4v3Mli7Whq188PPLK3usTtck8GdQvuMdXPsQLrbkLpo%3D%7Ctkp%3ABFBMvvXVwfVj&var=466192219148;634.05;5689.02;руб;None;None
КРЮЧКИ БЕЗ БОРОДКИ ЧЕРНЫЕ НИКЕЛЕВЫЕ ТЯЖЕЛЫЕ ЗУММЕР/КАДДИС/КРЕВЕТКИ/КРЮЧКИ - ЗАВЯЗЫВАНИЕ МУХ;https://www.ebay.com/itm/155810617368?itmmeta=01HYP1NFAPB2RWJA1RY9EJF6Q5&hash=item2447095818:g:ZQEAAOSwWeplHXIW&var=456197604213;215.47;757.05;руб;29;None
Pallatrax Gripz рыболовные крючки-широкий рот, кривой хвостовик, прямая точка, chods;https://www.ebay.com/itm/133476304222?itmmeta=01HYP1NFAPV3J4FA6HNVX5QXRB&hash=item1f13cec55e:g:W9oAAOSwNGBiA7kz&var=432930756988;692.99;None;руб;411;None
Упаковка из 3 х 30gm морской рыбалки серебро Minnow Lures макрель щука блесны;https://www.ebay.com/itm/224231954170?itmmeta=01HYP1NFAP4TP8FRHT9QZJH8CF&hash=item34354416fa:g:3SwAAOSw1PBh8Gbj;1024.93;None;руб;951;None
Рыболовные крючки-приманки с длинным хвостовиком клювом крючки-приманки 100 шт. держатель приманки джиг;https://www.ebay.com/itm/226085371062?itmmeta=01HYP1NFAPQNF6WZ384DZ52HP1&hash=item34a3bcfcb6:g:YYQAAOSwU1RmFkkL&var=525205793801;475.37;1384.82;руб;None;None
Aal Angeln Käfig Aktualisiert Garnelen Falle Käfig 3/6/8-Loch Fangen Loach HUMM;https://www.ebay.com/itm/305518294309?itmmeta=01HYP1NFAPDH0WRYK2BEQNHG4J&hash=item47224f3525:g:h~gAAOSw1uBlp5ZW&var=604426005780;99.2;1209.23;руб;None;None
10 Wurmnadeln 16 cm, Ködernadeln aus Edelstahl, Wurmnadel, Set 10 Stück;https://www.ebay.com/itm/314726279283?itmmeta=01HYP1NFAPHVJHXD55GZ7RBVG8&hash=item494725e873:g:N74AAOSwcrdkurE7;673.56;None;руб;None;2
Многоцветная плетеная леска 9 нити 300 м 500 м 1000 м синтетическая Pe Line;https://www.ebay.com/itm/233880124871?itmmeta=01HYP1NFAP2EX1Q9Z98BMRAR4H&hash=item3674577dc7:g:6dYAAOSwmetgF4rR&amdata=enc%3AAQAJAAAA0JD%2BF4UBiIUUGJc1aPyyTJFOfeIZgRB%2FuuM8k%2FE%2FrreDaGoM1TikfsNfLevj4AqGRy4te%2B1zBqd5dEGw%2BWwx4cs3MjbYZ9R5A9oCKN5wuTMsuAcubAjXkq%2BK2kOUpRlikRevBzEk7moiFAqgygfKUPYbiR1SNFxrvr0xPy1KZVddUNIPjbjCdUT%2BDXbcg1TvIhW5tfUO17nnLl63sZE21V%2B5uitBiVDB5djdodFHmIUVeM9SdKcFAmEFFrOsuZaQvpnGNF8eoZ7kkRwfseb9C5o%3D%7Ctkp%3ABFBMvvXVwfVj&var=533533539525;1334.43;3265.04;руб;28;None
20 ~ 50 шт. шарикоподшипники из нержавеющей стали рыболовные шарниры защелки рыболовный соединитель на роликах;https://www.ebay.com/itm/203859215164?itmmeta=01HYP1NFAP0E293H5SM775AD85&hash=item2f76f4c33c:g:jFEAAOSwbIxjkw3L&amdata=enc%3AAQAJAAAA0AmieraMsXHsjaeSbLpfzDUaTiIH7kzGZKDmqKmkoS--iGFRn09mBV6n3th8MbpyAP1HWNPJ%2BfZ0Iudwf8f1SPekmfc4m5%2FSnu0J7%2BGtrAo2ScGcp6Qk42waT0XCjFATO2WiqrWg1NgAwf4zWv13gS3mV8laRXmYrMnn8QzvK7BuHmMT4%2FZoR4X0h%2Fd24xlG9woVfsg1XCElYiSKCWVJ8RTv%2B1u0bHGeJcBS7QA%2FOx7%2BR60R1oTyZhgUye1%2Bok%2Bg7KAR7U8%2FKloFBpW%2Flw6khS0%3D%7Ctkp%3ABFBMvvXVwfVj&var=504763320181;464.71;5822.32;руб;None;None
3D Unsichtbare gepunktete Angelschnur Monofilament Speckle Mono Schnur 500~1000m;https://www.ebay.com/itm/386868919956?itmmeta=01HYP1NFAP4Q6SH6CE7SG5SNDS&hash=item5a132f3e94:g:8cwAAOSw4QliYl8U&var=654130433640;783.67;1835.17;руб;None;None
Gamakatsu F314 Alle Größen #14 - #2/0 black nickel Haken Fliegenbinden Japan;https://www.ebay.com/itm/325146335658?epid=2254316870&itmmeta=01HYP1NFAPXXM081FVB97S4E40&hash=item4bb43b59aa:g:EYcAAOSwLIVeDcDx&var=514057358262;296.6;693.4;руб;142;None
10 шт. 1/0 4 см крючок голо серебряный лосось форель окунь гольян летать рыболовные мухи;https://www.ebay.com/itm/324363262264?itmmeta=01HYP1NFAP7A71N65YTHDWYPKZ&hash=item4b858e9938:g:clkAAOSwWZZfpQW5;872.36;None;руб;526;None
Bankstick адаптер. банк Stick адаптер. свечение в темноте уплотнительного кольца. зеркальная фотокамера .1/4;https://www.ebay.com/itm/274686402656?itmmeta=01HYP1NFAPD5PSEX6JTVFP6FH4&hash=item3ff495e060:g:GnsAAOSwVrtgJfnH;546.24;None;руб;112;None
Pallatrax Gripz рыболовные крючки-широкий дырявые рыболовные крючки-награды;https://www.ebay.com/itm/132166475692?itmmeta=01HYP1NFAPJQPADRV40KA0X9BJ&hash=item1ec5bc5fac:g:rk0AAOSwdExiBLbz&var=431801946845;692.99;None;руб;236;None
Gamakatsu Hyper Swivel, hochwertige Wirbel angeln Tönnchenwirbel  Made in Japan;https://www.ebay.com/itm/325146332272?itmmeta=01HYP1NFAPB0TX4R3HEAMZ2V0P&hash=item4bb43b4c70:g:LskAAOSwzARgxNN1&var=514056966691;357.11;395.8;руб;66;None
100pcs запасные булавки для вашего передатчика доски/карповые волос установка установка коробка аксессуар;https://www.ebay.com/itm/133838149360?itmmeta=01HYP1NFAPVPHGJM8ZPT0JB2EK&hash=item1f296016f0:g:6moAAOSwKk1hChIG&var=433286363893;313.3;None;руб;396;None
Уплотнительные кольца для умной зажимы Delkim 10 упаковка;https://www.ebay.com/itm/155154514909?itmmeta=01HYP1NFAP8AV3VMEZYM0FCYE8&hash=item241fee03dd:g:OL0AAOSwh1xfCeAV;634.76;None;руб;None;3
Сеанс снасти, lunatopes, чтобы поместиться изотоп/Betalight слотов на карповые катушки;https://www.ebay.com/itm/402632025099?itmmeta=01HYP1NFAPAE9W33SCD3X4FHVN&hash=item5dbebd240b:g:TukAAOSwnGdfOS1Q&var=672911577260;1158.87;2317.75;руб;241;None
Northern Game Wet Fly Cast с 2 Капельницами Для Рыбалки Нахлыстом - Различные Размеры;https://www.ebay.com/itm/225767347074?itmmeta=01HYP1NFAPT3A9WVKXYDXDMTT7&hash=item3490c85382:g:6NAAAOSww7dk~i~i&var=524872562630;231.77;1176.34;руб;None;None
100/300M/500M/1000M нейлоновая леска мононить прозрачная мощности Gt морская рыболовная леска моно;https://www.ebay.com/itm/383444522871?itmmeta=01HYP1NFAPMRDEQM75984R7PE3&hash=item5947131777:g:zukAAOSwwE5WVApB&var=651866578135;464.71;2317.75;руб;None;None
250 мягких приманок для имитации кукурузной раковины для ловли карпа с запахом кукурузы;https://www.ebay.com/itm/285865193867?itmmeta=01HYP1NFAQA8F333WFVBRVW4DA&hash=item428ee4b18b:g:G7QAAOSwOqVmSFGx;923.58;None;руб;None;None
Maxcatch плавающая нахлыстовая леска WF1/2/3/4/5/6/7/8/9WT 100 футов вес вперед;https://www.ebay.com/itm/162645443787?itmmeta=01HYP1NFAQJ35235M9Y91EYTJV&hash=item25de6c84cb:g:~GMAAOSw1fZhBL8K&var=461645793446;413.23;998.72;руб;370;None
Набор из 7 керамических направляющих наконечников для удочки 7 размеров верхние глазные кольца леска ремонт;https://www.ebay.com/itm/314553933656?itmmeta=01HYP1NFAQAKJNW7CB53H952GS&hash=item493ce01f58:g:Nk0AAOSwyetkSSBW;351.74;None;руб;128;None
Рыболовные крючки для ловли карпа выравниватели лески крючки для зигзагов жуков. Spinner Rig, Zig Rig.Carp;https://www.ebay.com/itm/276024639392?itmmeta=01HYP1NFAQ9V8FV1304899N31N&hash=item404459bfa0:g:fgsAAOSw21lk8Ju1&var=578355982590;232.94;465.88;руб;None;None
"2.5, 3,4,5,6,7"", 6,8,10,12,15,18cm, мягкий осьминог кальмар резиновый юбки, кошара приманки";https://www.ebay.com/itm/165936972633?itmmeta=01HYP1NFAQBM67ASQCYF0S81ZH&hash=item26a29d4359:g:Vp0AAOSw-xJiVWuI&var=465435810039;640.46;1831.59;руб;58;None
Рыболовные мощности зажимы из нержавеющей стали скорость зажимы быстрого переключения защелки 50/75/125LB;https://www.ebay.com/itm/324570204776?itmmeta=01HYP1NFAQ1NY2BVCFMWM519M5&hash=item4b91e44a68:g:ALIAAOSwU6ZgdloW&var=513617790364;640.46;2381.35;руб;92;None
Свинца тканую камуфляжный зеленый/коричневый 45 фунтов (примерно 20.41 кг) - 20 м/карп рыбалка;https://www.ebay.com/itm/134051306563?itmmeta=01HYP1NFAQPPP6RKENCBMP0D63&hash=item1f36149c43:g:cFkAAOSwxJViLBbT&var=433494190378;500.82;None;руб;222;None
300M-1000M 10LB-130LB Spectra Pe Dyneema синтетическая плетеная морская рыболовная леска;https://www.ebay.com/itm/272591940883?itmmeta=01HYP1NFAQAN4071V0055NPBW7&hash=item3f77beed13:g:I~wAAOSwA2hZy1n5&amdata=enc%3AAQAJAAAA0PGTAzMQBaexVz0KPh7rVs57Nxb6jVx0J5nja0RdSHZ%2Bqa5IL9EBk671iERxdfIkmgua5Rt21Cr4E7EEBY%2FA3SUzwdn4LUBxbpgnGOLIiYUxEEmVteyJj8vDSSp5bR1UVZ%2FV11SZ13KxM1U8YxpW6J2tN0hR%2B3InsR9--UngI4c4Q0mVdEHcJ%2BatxPHUskHl5qNxPbhOoewhxOWdpPSlDTVBASoWEBtdX7smssc%2F8eoZQdov%2BIDWzaU%2FTPaxlmvGnT3eAecQrFRSb3sfKwQL2uo%3D%7Ctkp%3ABFBMwPXVwfVj&var=574897440022;581.18;2095.29;руб;None;None
Корда стиль обжимные соединители/krimps 0.6 мм двухцилиндровым 100 шт., 200, 300 карп рыбалка;https://www.ebay.com/itm/334233760411?itmmeta=01HYP1NFAQAT20KD9M6XAY0YKF&hash=item4dd1e2729b:g:qAEAAOSwErdheCSW&amdata=enc%3AAQAJAAAA0LaK6eWwSWywCzgBIOHwOv1wEd0VCKR%2Fp7dAd6d4Ri9D5HcIqqJHU98ukueip3gPxGUvx%2F1YRFMoEbppeJvOdz5Ql6zQQUalc48E9Y3Ab1r8FxHVfJSAvWXJeP5R3odKBv8EaY2xYWaFtSpxYjYPbxI5%2FTLNcJZlxj%2BMO7kp%2F7HhEzoWCzf3s%2BYqfylyZ2%2FBEltOyY6pHLGEpAzFXN3dFg4UpifhWYVViKagkiSKxegmbuavSu4FyTIW%2BhmAi1yMmn5eAnv8iMDT%2FSM6GNe9SwM%3D%7Ctkp%3ABFBMwPXVwfVj&var=543236605013;812.96;1919.42;руб;None;None
